slug,name,brand,description,category,subcategory,base_price,material,fit,tags,gender,primary_image_url,image_gallery,active
ff-arctic-baselayer,Arctic Merino Base Layer,FitFinder Alpine,Fine-knit 100% merino wool base layer that regulates body temperature in freezing conditions — naturally odour-resistant and itch-free next to skin.,Apparel,Tops,79.99,100% merino wool,Slim,base layer;merino;thermal;cold weather;layering;odour-resistant,men's,/images/products/arctic-baselayer/front.jpg,"[{""url"":""/images/products/arctic-baselayer/front.jpg"",""altText"":""Arctic Base Layer front"",""primary"":true},{""url"":""/images/products/arctic-baselayer/back.jpg"",""altText"":""Arctic Base Layer back"",""primary"":false}]",true
ff-heatwave-ls,HeatWave Long Sleeve Run Top,FitFinder Athletics,Featherlight long-sleeve running top with flatlock seams and reflective chest logo — built for cold-morning road miles and winter track sessions.,Apparel,Tops,54.99,Recycled polyester,Athletic,long sleeve;running;reflective;lightweight;cold weather;winter running,men's,/images/products/heatwave-ls/front.jpg,"[{""url"":""/images/products/heatwave-ls/front.jpg"",""altText"":""HeatWave LS front"",""primary"":true},{""url"":""/images/products/heatwave-ls/back.jpg"",""altText"":""HeatWave LS back"",""primary"":false},{""url"":""/images/products/heatwave-ls/detail.jpg"",""altText"":""HeatWave reflective detail"",""primary"":false}]",true
ff-trailwind-jersey,TrailWind Running Jersey,FitFinder Athletics,Women's technical running jersey with three rear pockets and a half-zip neck — designed for race day and long training efforts in variable conditions.,Apparel,Tops,64.99,Nylon polyester blend,Athletic,running jersey;half-zip;race day;rear pockets;technical;women's running,women's,/images/products/trailwind-jersey/front.jpg,"[{""url"":""/images/products/trailwind-jersey/front.jpg"",""altText"":""TrailWind Jersey front"",""primary"":true},{""url"":""/images/products/trailwind-jersey/back.jpg"",""altText"":""TrailWind Jersey back pockets"",""primary"":false}]",true
ff-alpine-fleece-mid,Alpine Grid Fleece Mid-Layer,FitFinder Alpine,"Recycled grid-fleece mid-layer with stretch side panels and a zippered chest pocket — warm enough for alpine starts, packable enough to stash when you heat up.",Apparel,Tops,89.99,Recycled grid fleece,Regular,fleece;mid-layer;layering;alpine;packable;stretch,unisex,/images/products/alpine-fleece-mid/front.jpg,"[{""url"":""/images/products/alpine-fleece-mid/front.jpg"",""altText"":""Alpine Fleece front"",""primary"":true},{""url"":""/images/products/alpine-fleece-mid/back.jpg"",""altText"":""Alpine Fleece back"",""primary"":false}]",true
ff-cycle-aero-jersey,AeroPace Cycling Jersey,FitFinder Cycle,Race-cut aero cycling jersey with silicon gripper hem and three deep rear pockets — moisture-wicking Lycra keeps you cool on long road rides.,Apparel,Tops,99.99,Lycra polyester,Race fit,cycling jersey;road cycling;aero;race cut;rear pockets;wicking,men's,/images/products/cycle-aero-jersey/front.jpg,"[{""url"":""/images/products/cycle-aero-jersey/front.jpg"",""altText"":""AeroPace Jersey front"",""primary"":true},{""url"":""/images/products/cycle-aero-jersey/back.jpg"",""altText"":""AeroPace Jersey rear pockets"",""primary"":false}]",true
ff-studio-flow-top,Studio Flow Crop Top,FitFinder Studio,Open-back crop top with a built-in shelf bra and four-way stretch fabric — moves with every pose from hot yoga to barre class.,Apparel,Tops,44.99,Nylon spandex blend,Fitted,crop top;yoga;built-in bra;open back;studio;barre,women's,/images/products/studio-flow-top/front.jpg,"[{""url"":""/images/products/studio-flow-top/front.jpg"",""altText"":""Studio Flow Top front"",""primary"":true},{""url"":""/images/products/studio-flow-top/back.jpg"",""altText"":""Studio Flow Top open back"",""primary"":false}]",true
ff-solar-guard-ls,SolarGuard UPF 50+ Long Sleeve,FitFinder Athletics,UPF 50+ sun-protection long sleeve with thumbholes and lightweight wicking fabric — ideal for hot-weather trail running and beach days.,Apparel,Tops,49.99,Recycled polyester,Regular,UPF 50;sun protection;long sleeve;thumbholes;trail running;hot weather,unisex,/images/products/solar-guard-ls/front.jpg,"[{""url"":""/images/products/solar-guard-ls/front.jpg"",""altText"":""SolarGuard LS front"",""primary"":true},{""url"":""/images/products/solar-guard-ls/back.jpg"",""altText"":""SolarGuard LS back"",""primary"":false}]",true
ff-qzip-thermal,QuarterZip Thermal Pullover,FitFinder Essentials,Brushed-interior thermal quarter-zip with a high collar and magnetic zipper garage — the go-to cold-weather training layer.,Apparel,Tops,74.99,Polyester thermal knit,Regular,quarter-zip;thermal;cold weather;brushed interior;training;layering,men's,/images/products/qzip-thermal/front.jpg,"[{""url"":""/images/products/qzip-thermal/front.jpg"",""altText"":""QuarterZip Thermal front"",""primary"":true},{""url"":""/images/products/qzip-thermal/side.jpg"",""altText"":""QuarterZip Thermal side"",""primary"":false}]",true
ff-swim-rashguard-ls,AquaShield Long Sleeve Rash Guard,FitFinder Aquatics,UPF 50+ long-sleeve rash guard with flatlock seams and chlorine-resistant fabric — protects against sun and reef in open water or the pool.,Apparel,Tops,54.99,Chlorine-resistant lycra,Athletic,rash guard;UPF 50;swimming;surf;chlorine resistant;long sleeve;sun protection,unisex,/images/products/swim-rashguard-ls/front.jpg,"[{""url"":""/images/products/swim-rashguard-ls/front.jpg"",""altText"":""AquaShield Rash Guard front"",""primary"":true},{""url"":""/images/products/swim-rashguard-ls/back.jpg"",""altText"":""AquaShield Rash Guard back"",""primary"":false}]",true
ff-comp-ls-top,CompressX Long Sleeve Top,FitFinder Athletics,Graduated compression long-sleeve top that supports muscles during intense training and speeds recovery — seamless construction for all-day comfort.,Apparel,Tops,64.99,Nylon elastane,Compression,compression;long sleeve;muscle support;recovery;seamless;training,men's,/images/products/comp-ls-top/front.jpg,"[{""url"":""/images/products/comp-ls-top/front.jpg"",""altText"":""CompressX LS Top front"",""primary"":true},{""url"":""/images/products/comp-ls-top/side.jpg"",""altText"":""CompressX LS Top side"",""primary"":false}]",true
ff-yoga-wrap-top,Serenity Wrap Training Top,FitFinder Studio,Wrap-front training top with a cross-back design and adjustable ties — versatile enough for yoga class to brunch without changing.,Apparel,Tops,49.99,Bamboo modal blend,Relaxed,yoga top;wrap;cross back;studio;casual;bamboo,women's,/images/products/yoga-wrap-top/front.jpg,"[{""url"":""/images/products/yoga-wrap-top/front.jpg"",""altText"":""Serenity Wrap Top front"",""primary"":true},{""url"":""/images/products/yoga-wrap-top/back.jpg"",""altText"":""Serenity Wrap Top back"",""primary"":false}]",true
ff-tech-polo,TechWeave Sports Polo,FitFinder Athletics,Moisture-wicking sports polo with a no-roll collar and stretch gusset — transitions seamlessly from the golf course to the gym.,Apparel,Tops,59.99,Performance polyester,Regular,polo;golf;sports;moisture-wicking;stretch;casual,men's,/images/products/tech-polo/front.jpg,"[{""url"":""/images/products/tech-polo/front.jpg"",""altText"":""TechWeave Polo front"",""primary"":true},{""url"":""/images/products/tech-polo/side.jpg"",""altText"":""TechWeave Polo side"",""primary"":false}]",true
ff-run-singlet,RaceFit Singlet,FitFinder Athletics,Ultra-minimal race singlet with deep armholes and a dropped hem — cut for maximum freedom of movement on the track and in road races.,Apparel,Tops,34.99,Recycled mesh polyester,Athletic,singlet;racing;track;road running;minimal;lightweight,unisex,/images/products/run-singlet/front.jpg,"[{""url"":""/images/products/run-singlet/front.jpg"",""altText"":""RaceFit Singlet front"",""primary"":true},{""url"":""/images/products/run-singlet/back.jpg"",""altText"":""RaceFit Singlet back"",""primary"":false}]",true
ff-merino-crew,Merino Everyday Crew,FitFinder Essentials,Mid-weight 200gsm merino crew that goes from the trail to the coffee shop — wrinkle-resistant and machine washable.,Apparel,Tops,84.99,200gsm merino wool,Regular,merino;everyday;versatile;odour-resistant;machine washable;casual,unisex,/images/products/merino-crew/front.jpg,"[{""url"":""/images/products/merino-crew/front.jpg"",""altText"":""Merino Crew front"",""primary"":true},{""url"":""/images/products/merino-crew/back.jpg"",""altText"":""Merino Crew back"",""primary"":false}]",true
ff-hooded-windshirt,TrailBreeze Hooded Windshirt,FitFinder Athletics,Packable hooded windshirt with a chest-zip pocket that doubles as a stuff sack — DWR finish sheds light rain on breezy trail days.,Apparel,Tops,79.99,Ripstop nylon DWR,Athletic,windshirt;packable;DWR;hooded;trail;wind resistant,women's,/images/products/hooded-windshirt/front.jpg,"[{""url"":""/images/products/hooded-windshirt/front.jpg"",""altText"":""TrailBreeze Windshirt front"",""primary"":true},{""url"":""/images/products/hooded-windshirt/packed.jpg"",""altText"":""TrailBreeze Windshirt packed"",""primary"":false}]",true
ff-run-capri,RunFlex 3/4 Capri,FitFinder Athletics,High-rise 3/4 capri with a wide waistband phone pocket and reflective ankle accents — designed for cool-morning and evening runs.,Apparel,Bottoms,64.99,Nylon elastane,Compression,capri;3/4 tight;running;reflective;high-rise;phone pocket,women's,/images/products/run-capri/front.jpg,"[{""url"":""/images/products/run-capri/front.jpg"",""altText"":""RunFlex Capri front"",""primary"":true},{""url"":""/images/products/run-capri/back.jpg"",""altText"":""RunFlex Capri back pocket"",""primary"":false}]",true
ff-cycle-bib,ProPedal Bib Shorts,FitFinder Cycle,Italian Lycra bib shorts with a 10mm chamois pad and wide shoulder straps — engineered for 4+ hour road rides and gran fondos.,Apparel,Bottoms,149.99,Italian Lycra,Compression,bib shorts;cycling;chamois;road cycling;long ride;gran fondo,men's,/images/products/cycle-bib/front.jpg,"[{""url"":""/images/products/cycle-bib/front.jpg"",""altText"":""ProPedal Bib Shorts front"",""primary"":true},{""url"":""/images/products/cycle-bib/detail.jpg"",""altText"":""ProPedal chamois detail"",""primary"":false}]",true
ff-swim-trunk,WaveBreak Swim Trunk,FitFinder Aquatics,Quick-dry 17" swim trunk with a mesh inner brief and zip back pocket — from the pool to the beach without missing a beat.,Apparel,Bottoms,49.99,Recycled polyester,Regular,swim trunk;beach;pool;quick dry;zip pocket;summer,men's,/images/products/swim-trunk/front.jpg,"[{""url"":""/images/products/swim-trunk/front.jpg"",""altText"":""WaveBreak Swim Trunk front"",""primary"":true},{""url"":""/images/products/swim-trunk/back.jpg"",""altText"":""WaveBreak Swim Trunk back pocket"",""primary"":false}]",true
ff-yoga-short-w,ZenShort 3" Yoga Short,FitFinder Studio,Ultra-soft 3-inch yoga short with a wide flat waistband and built-in liner — lightweight and breathable for hot yoga and pilates.,Apparel,Bottoms,39.99,Bamboo nylon blend,Fitted,yoga shorts;3-inch;hot yoga;pilates;built-in liner;lightweight,women's,/images/products/yoga-short-w/front.jpg,"[{""url"":""/images/products/yoga-short-w/front.jpg"",""altText"":""ZenShort front"",""primary"":true},{""url"":""/images/products/yoga-short-w/side.jpg"",""altText"":""ZenShort side"",""primary"":false}]",true
ff-thermal-tight,ThermalRun Tight,FitFinder Athletics,Fleece-lined running tight with a back zip pocket and reflective piping — keeps legs warm through winter training without restricting stride.,Apparel,Bottoms,84.99,Fleece-lined polyester,Compression,running tights;thermal;fleece lined;winter running;reflective;cold weather,men's,/images/products/thermal-tight/front.jpg,"[{""url"":""/images/products/thermal-tight/front.jpg"",""altText"":""ThermalRun Tight front"",""primary"":true},{""url"":""/images/products/thermal-tight/back.jpg"",""altText"":""ThermalRun Tight back pocket"",""primary"":false}]",true
ff-boardshort,Barrel Wave Board Short,FitFinder Aquatics,"20-inch boardshort with a stretch waistband, lace-up fly, and quick-dry recycled fabric — built for surf sessions and beach volleyball.",Apparel,Bottoms,59.99,Recycled polyester,Regular,boardshort;surf;beach;quick dry;volleyball;summer,men's,/images/products/boardshort/front.jpg,"[{""url"":""/images/products/boardshort/front.jpg"",""altText"":""Barrel Wave Boardshort front"",""primary"":true},{""url"":""/images/products/boardshort/back.jpg"",""altText"":""Barrel Wave Boardshort back"",""primary"":false}]",true
ff-trail-skort,TrailSkirt with Inner Short,FitFinder Athletics,Technical trail skort with a secure inner short and two side pockets — designed for trail racing and fastpacking where comfort meets coverage.,Apparel,Bottoms,69.99,Recycled nylon,Athletic,skort;trail running;inner short;pockets;trail racing;fastpacking,women's,/images/products/trail-skort/front.jpg,"[{""url"":""/images/products/trail-skort/front.jpg"",""altText"":""TrailSkirt front"",""primary"":true},{""url"":""/images/products/trail-skort/side.jpg"",""altText"":""TrailSkirt inner short detail"",""primary"":false}]",true
ff-hike-short,Summit Hike Short,FitFinder Trail,8-inch nylon hiking short with articulated knees and four pockets including a secure zip thigh pocket — durable enough for scrambles and bushwhacking.,Apparel,Bottoms,64.99,Stretch nylon,Regular,hiking shorts;8-inch;articulated;zip pocket;scrambling;outdoor,unisex,/images/products/hike-short/front.jpg,"[{""url"":""/images/products/hike-short/front.jpg"",""altText"":""Summit Hike Short front"",""primary"":true},{""url"":""/images/products/hike-short/pocket.jpg"",""altText"":""Summit Hike Short zip pocket"",""primary"":false}]",true
ff-swim-legging-w,AquaFlex Swim Legging,FitFinder Aquatics,Full-length chlorine-resistant swim legging with UPF 50+ coverage — ideal for lap swimming and open water when you want full-leg sun protection.,Apparel,Bottoms,59.99,Chlorine-resistant lycra,Compression,swim legging;chlorine resistant;UPF 50;full length;lap swimming;sun protection,women's,/images/products/swim-legging-w/front.jpg,"[{""url"":""/images/products/swim-legging-w/front.jpg"",""altText"":""AquaFlex Swim Legging front"",""primary"":true},{""url"":""/images/products/swim-legging-w/back.jpg"",""altText"":""AquaFlex Swim Legging back"",""primary"":false}]",true
ff-comp-3q-tight,CompressX 3/4 Tight,FitFinder Athletics,Graduated compression 3/4 tight with zoned support panels and a wide waistband — reduces muscle fatigue during intervals and aids recovery.,Apparel,Bottoms,74.99,Nylon elastane,Compression,compression;3/4;graduated;muscle support;intervals;recovery,women's,/images/products/comp-3q-tight/front.jpg,"[{""url"":""/images/products/comp-3q-tight/front.jpg"",""altText"":""CompressX 3/4 Tight front"",""primary"":true},{""url"":""/images/products/comp-3q-tight/back.jpg"",""altText"":""CompressX 3/4 Tight back"",""primary"":false}]",true
ff-run-brief,RaceLine Running Brief,FitFinder Athletics,2-inch split running brief with a built-in brief liner and side key loop — minimal coverage designed for track racing and hot-weather 5K and 10K events.,Apparel,Bottoms,29.99,Recycled polyester,Athletic,running brief;split;track;racing;minimal;5K;10K;hot weather,men's,/images/products/run-brief/front.jpg,"[{""url"":""/images/products/run-brief/front.jpg"",""altText"":""RaceLine Brief front"",""primary"":true},{""url"":""/images/products/run-brief/back.jpg"",""altText"":""RaceLine Brief back"",""primary"":false}]",true
ff-sweat-jogger,Revival Sweat Jogger,FitFinder Essentials,"French terry sweat jogger with tapered leg, side pockets, and a relaxed fit — premium recovery and travel comfort.",Apparel,Bottoms,69.99,French terry cotton,Relaxed,joggers;sweatpants;recovery;lounge;travel;comfort;french terry,unisex,/images/products/sweat-jogger/front.jpg,"[{""url"":""/images/products/sweat-jogger/front.jpg"",""altText"":""Revival Sweat Jogger front"",""primary"":true},{""url"":""/images/products/sweat-jogger/side.jpg"",""altText"":""Revival Sweat Jogger side"",""primary"":false}]",true
ff-3in1-jacket,Summit 3-in-1 Jacket,FitFinder Alpine,"Waterproof shell with a removable fleece liner — three jackets in one for ski resort days, backcountry approaches, and everything in between.",Apparel,Outerwear,349.99,Nylon shell with fleece liner,Regular,3-in-1;waterproof;fleece;versatile;ski;backcountry;winter,men's,/images/products/3in1-jacket/front.jpg,"[{""url"":""/images/products/3in1-jacket/front.jpg"",""altText"":""Summit 3-in-1 combined"",""primary"":true},{""url"":""/images/products/3in1-jacket/shell.jpg"",""altText"":""Summit 3-in-1 shell only"",""primary"":false},{""url"":""/images/products/3in1-jacket/liner.jpg"",""altText"":""Summit 3-in-1 liner only"",""primary"":false}]",true
ff-softshell-w,Alpine Softshell Jacket,FitFinder Alpine,Four-way stretch softshell jacket with a helmet-compatible hood and underarm vents — the ideal climbing and ski touring outer layer.,Apparel,Outerwear,219.99,4-way stretch softshell,Athletic,softshell;climbing;ski touring;stretch;windproof;vented,women's,/images/products/softshell-w/front.jpg,"[{""url"":""/images/products/softshell-w/front.jpg"",""altText"":""Alpine Softshell front"",""primary"":true},{""url"":""/images/products/softshell-w/back.jpg"",""altText"":""Alpine Softshell back vent"",""primary"":false}]",true
ff-rain-poncho,UltraLight Rain Poncho,FitFinder Athletics,Ultra-packable silnylon rain poncho that stuffs into its own hood pocket — 150g emergency weather protection for trail runners and hikers.,Apparel,Outerwear,59.99,Silnylon,One size,rain poncho;packable;emergency;ultralight;trail running;hiking;silnylon,unisex,/images/products/rain-poncho/front.jpg,"[{""url"":""/images/products/rain-poncho/front.jpg"",""altText"":""UltraLight Poncho front"",""primary"":true},{""url"":""/images/products/rain-poncho/packed.jpg"",""altText"":""UltraLight Poncho packed"",""primary"":false}]",true
ff-puffer-w,CloudFill Puffer Jacket,FitFinder Alpine,PrimaLoft synthetic insulation puffer jacket that stays warm when wet — a reliable alternative to down for high-humidity alpine and coastal environments.,Apparel,Outerwear,229.99,PrimaLoft synthetic fill,Regular,puffer;synthetic insulation;PrimaLoft;waterproof;alpine;coastal;warm when wet,women's,/images/products/puffer-w/front.jpg,"[{""url"":""/images/products/puffer-w/front.jpg"",""altText"":""CloudFill Puffer front"",""primary"":true},{""url"":""/images/products/puffer-w/back.jpg"",""altText"":""CloudFill Puffer back"",""primary"":false}]",true
ff-hardshell-m,GraniteShell Hardshell Jacket,FitFinder Alpine,Three-layer Gore-Tex hardshell with fully taped seams and a storm hood — summit-ready waterproof protection for alpine climbing and expedition trekking.,Apparel,Outerwear,449.99,3-layer Gore-Tex,Regular,hardshell;Gore-Tex;waterproof;alpine;climbing;expedition;taped seams,men's,/images/products/hardshell-m/front.jpg,"[{""url"":""/images/products/hardshell-m/front.jpg"",""altText"":""GraniteShell front"",""primary"":true},{""url"":""/images/products/hardshell-m/back.jpg"",""altText"":""GraniteShell back"",""primary"":false},{""url"":""/images/products/hardshell-m/hood.jpg"",""altText"":""GraniteShell storm hood detail"",""primary"":false}]",true
ff-windbreaker-w,VeloWind Cycling Windbreaker,FitFinder Cycle,Packable cycling windbreaker with a dropped rear hem and gripper elastic — packs into a back jersey pocket for descents and unexpected weather.,Apparel,Outerwear,99.99,Ripstop nylon,Fitted,windbreaker;cycling;packable;wind resistant;descent;jersey pocket,women's,/images/products/windbreaker-w/front.jpg,"[{""url"":""/images/products/windbreaker-w/front.jpg"",""altText"":""VeloWind Windbreaker front"",""primary"":true},{""url"":""/images/products/windbreaker-w/packed.jpg"",""altText"":""VeloWind packed small"",""primary"":false}]",true
ff-fleece-jacket,PolarGrid Fleece Jacket,FitFinder Essentials,Classic full-zip grid-fleece jacket with two hand pockets and a chin guard — an essential everyday warm layer for camp and casual use.,Apparel,Outerwear,89.99,Recycled grid fleece,Regular,fleece jacket;full-zip;everyday;camp;warm;casual,unisex,/images/products/fleece-jacket/front.jpg,"[{""url"":""/images/products/fleece-jacket/front.jpg"",""altText"":""PolarGrid Fleece front"",""primary"":true},{""url"":""/images/products/fleece-jacket/back.jpg"",""altText"":""PolarGrid Fleece back"",""primary"":false}]",true
ff-rain-jacket-w,StormShield Rain Jacket,FitFinder Alpine,2.5-layer waterproof-breathable rain jacket with sealed seams and a packable hood — versatile wet-weather protection for hiking and everyday commuting.,Apparel,Outerwear,179.99,2.5-layer waterproof nylon,Regular,rain jacket;waterproof;breathable;packable;hiking;commute;sealed seams,women's,/images/products/rain-jacket-w/front.jpg,"[{""url"":""/images/products/rain-jacket-w/front.jpg"",""altText"":""StormShield Rain Jacket front"",""primary"":true},{""url"":""/images/products/rain-jacket-w/detail.jpg"",""altText"":""StormShield sealed seam detail"",""primary"":false}]",true
ff-insulated-parka,BaseCamp Insulated Parka,FitFinder Alpine,Hip-length 600-fill down parka with a faux-fur trimmed hood and side zip pockets — built for extreme cold at base camp and city winters alike.,Apparel,Outerwear,399.99,600-fill responsible down,Regular,parka;down;insulated;extreme cold;faux fur;winter;base camp,unisex,/images/products/insulated-parka/front.jpg,"[{""url"":""/images/products/insulated-parka/front.jpg"",""altText"":""BaseCamp Parka front"",""primary"":true},{""url"":""/images/products/insulated-parka/back.jpg"",""altText"":""BaseCamp Parka back"",""primary"":false}]",true
ff-sun-hoody,UPF 50+ Sun Hoody,FitFinder Athletics,Lightweight UPF 50+ hooded sun shirt with thumbholes and a face-guard collar — essential for desert running and alpine ridge traverses.,Apparel,Outerwear,64.99,Lightweight polyester UPF,Regular,sun hoody;UPF 50;hooded;thumbholes;desert;alpine;sun protection,unisex,/images/products/sun-hoody/front.jpg,"[{""url"":""/images/products/sun-hoody/front.jpg"",""altText"":""UPF Sun Hoody front"",""primary"":true},{""url"":""/images/products/sun-hoody/back.jpg"",""altText"":""UPF Sun Hoody back"",""primary"":false}]",true
ff-impact-bra-hi,PowerSurge High Impact Sports Bra,FitFinder Athletics,High-impact encapsulation sports bra with adjustable straps and underwire-free support — engineered for running and HIIT workouts up to a D cup.,Apparel,Sports Bras,64.99,Nylon elastane,Fitted,high impact;running bra;encapsulation;adjustable straps;HIIT;support,women's,/images/products/impact-bra-hi/front.jpg,"[{""url"":""/images/products/impact-bra-hi/front.jpg"",""altText"":""PowerSurge Bra front"",""primary"":true},{""url"":""/images/products/impact-bra-hi/back.jpg"",""altText"":""PowerSurge Bra back"",""primary"":false}]",true
ff-strappy-bra,CrossBack Strappy Sports Bra,FitFinder Studio,Low-to-medium impact strappy sports bra with a geometric cross-back design — the yoga and pilates bra that doubles as a going-out top.,Apparel,Sports Bras,44.99,Nylon spandex,Fitted,strappy bra;yoga;pilates;cross back;medium impact;fashion,women's,/images/products/strappy-bra/front.jpg,"[{""url"":""/images/products/strappy-bra/front.jpg"",""altText"":""CrossBack Bra front"",""primary"":true},{""url"":""/images/products/strappy-bra/back.jpg"",""altText"":""CrossBack Bra back design"",""primary"":false}]",true
ff-zip-bra,FrontZip Sports Bra,FitFinder Athletics,Medium-impact front-zip sports bra with moisture-wicking mesh panels — easy on and off for post-workout when your arms are tired.,Apparel,Sports Bras,54.99,Polyester elastane,Fitted,front zip;sports bra;medium impact;mesh;easy on off;cycling;gym,women's,/images/products/zip-bra/front.jpg,"[{""url"":""/images/products/zip-bra/front.jpg"",""altText"":""FrontZip Bra front"",""primary"":true},{""url"":""/images/products/zip-bra/back.jpg"",""altText"":""FrontZip Bra back"",""primary"":false}]",true
ff-longline-bra,LongLine Seamless Sports Bra,FitFinder Studio,Seamless longline sports bra with light padding and a cropped hem — provides light-to-medium support for yoga and low-impact studio workouts.,Apparel,Sports Bras,49.99,Seamless nylon elastane,Fitted,longline;seamless;light support;yoga;studio;low impact;crop,women's,/images/products/longline-bra/front.jpg,"[{""url"":""/images/products/longline-bra/front.jpg"",""altText"":""LongLine Bra front"",""primary"":true},{""url"":""/images/products/longline-bra/side.jpg"",""altText"":""LongLine Bra side"",""primary"":false}]",true
ff-racerback-bra-hi,MaxSupport Racerback Bra,FitFinder Athletics,Maximum-support racerback sports bra with underwire-free moulded cups and adjustable back band — handles marathon and obstacle race demands.,Apparel,Sports Bras,69.99,Nylon elastane,Fitted,max support;racerback;moulded cups;marathon;obstacle race;high impact,women's,/images/products/racerback-bra-hi/front.jpg,"[{""url"":""/images/products/racerback-bra-hi/front.jpg"",""altText"":""MaxSupport Bra front"",""primary"":true},{""url"":""/images/products/racerback-bra-hi/back.jpg"",""altText"":""MaxSupport Bra back"",""primary"":false}]",true
ff-onepiece-swim,Velocity One-Piece Swimsuit,FitFinder Aquatics,Chlorine-resistant one-piece swimsuit with a cross-back design and moderate coverage — built for serious lap swimmers and triathlon training.,Apparel,Swimwear,89.99,Chlorine-resistant lycra,Athletic,one-piece;lap swimming;chlorine resistant;triathlon;cross back;competitive,women's,/images/products/onepiece-swim/front.jpg,"[{""url"":""/images/products/onepiece-swim/front.jpg"",""altText"":""Velocity One-Piece front"",""primary"":true},{""url"":""/images/products/onepiece-swim/back.jpg"",""altText"":""Velocity One-Piece back"",""primary"":false}]",true
ff-tri-suit,TriForce Race Suit,FitFinder Aquatics,Short-sleeved triathlon race suit with a 10cm chamois pad and quick-dry panels — transitions from swim to bike to run without changing.,Apparel,Swimwear,179.99,Lycra polyester blend,Compression,triathlon;tri suit;race;swim bike run;chamois;quick dry;transition,unisex,/images/products/tri-suit/front.jpg,"[{""url"":""/images/products/tri-suit/front.jpg"",""altText"":""TriForce Race Suit front"",""primary"":true},{""url"":""/images/products/tri-suit/back.jpg"",""altText"":""TriForce Race Suit back"",""primary"":false}]",true
ff-swim-brief,AquaRacer Swim Brief,FitFinder Aquatics,Competition-cut chlorine-resistant swim brief with a durable drawstring waist — regulation-compliant for pool meets and competitive swimming.,Apparel,Swimwear,34.99,Chlorine-resistant polyester,Athletic,swim brief;competition;chlorine resistant;pool;racing;competitive swimming,men's,/images/products/swim-brief/front.jpg,"[{""url"":""/images/products/swim-brief/front.jpg"",""altText"":""AquaRacer Brief front"",""primary"":true},{""url"":""/images/products/swim-brief/back.jpg"",""altText"":""AquaRacer Brief back"",""primary"":false}]",true
ff-bikini-top,WaveForm Bikini Top,FitFinder Aquatics,Adjustable-strap bikini top with underwire support and secure side-tie closure — stays in place through beach volleyball and ocean swimming.,Apparel,Swimwear,44.99,Recycled nylon lycra,Fitted,bikini top;beach;underwire;adjustable;volleyball;swimming;summer,women's,/images/products/bikini-top/front.jpg,"[{""url"":""/images/products/bikini-top/front.jpg"",""altText"":""WaveForm Bikini Top front"",""primary"":true},{""url"":""/images/products/bikini-top/back.jpg"",""altText"":""WaveForm Bikini Top back"",""primary"":false}]",true
ff-bikini-bottom,WaveForm Bikini Bottom,FitFinder Aquatics,Mid-rise bikini bottom with a scrunch-back design and full seat coverage — pairs with the WaveForm top or any bikini top.,Apparel,Swimwear,39.99,Recycled nylon lycra,Regular,bikini bottom;mid-rise;beach;swimming;summer;scrunch back,women's,/images/products/bikini-bottom/front.jpg,"[{""url"":""/images/products/bikini-bottom/front.jpg"",""altText"":""WaveForm Bikini Bottom front"",""primary"":true},{""url"":""/images/products/bikini-bottom/back.jpg"",""altText"":""WaveForm Bikini Bottom back"",""primary"":false}]",true
ff-swim-comp-legging,AquaCompression Swim Legging,FitFinder Aquatics,High-waist chlorine-resistant compression swim legging with UPF 50+ fabric — reduces drag in open-water events and provides sun protection on long swims.,Apparel,Swimwear,69.99,Chlorine-resistant lycra,Compression,swim legging;compression;open water;UPF 50;chlorine resistant;drag reduction,women's,/images/products/swim-comp-legging/front.jpg,"[{""url"":""/images/products/swim-comp-legging/front.jpg"",""altText"":""AquaCompression Legging front"",""primary"":true},{""url"":""/images/products/swim-comp-legging/back.jpg"",""altText"":""AquaCompression Legging back"",""primary"":false}]",true
ff-rashguard-m,TideRunner Rash Guard,FitFinder Aquatics,Short-sleeve surf rash guard with UPF 50+ protection and a rubber logo that prevents board wax transfer — made from 100% recycled ocean plastic.,Apparel,Swimwear,49.99,Recycled ocean plastic lycra,Athletic,rash guard;surf;UPF 50;recycled;ocean plastic;short sleeve;wax resistant,men's,/images/products/rashguard-m/front.jpg,"[{""url"":""/images/products/rashguard-m/front.jpg"",""altText"":""TideRunner Rash Guard front"",""primary"":true},{""url"":""/images/products/rashguard-m/back.jpg"",""altText"":""TideRunner Rash Guard back"",""primary"":false}]",true
ff-swim-shorts-m,AquaFlex Swim Shorts,FitFinder Aquatics,5-inch swim short with a compression liner for performance coverage — faster-drying than a boardshort with more coverage than a swim brief.,Apparel,Swimwear,44.99,Recycled polyester,Athletic,swim shorts;5-inch;compression liner;quick dry;pool;beach;performance,men's,/images/products/swim-shorts-m/front.jpg,"[{""url"":""/images/products/swim-shorts-m/front.jpg"",""altText"":""AquaFlex Swim Shorts front"",""primary"":true},{""url"":""/images/products/swim-shorts-m/back.jpg"",""altText"":""AquaFlex Swim Shorts back"",""primary"":false}]",true
ff-road-runner-m,CloudStrike Road Runner,FitFinder Footwear,Everyday road running shoe with a dual-density foam midsole and engineered knit upper — balanced cushioning for training runs from 5K to marathon.,Footwear,Running Shoes,139.99,Engineered knit upper,Neutral,road running;daily trainer;cushioned;dual density;marathon;neutral,men's,/images/products/road-runner-m/front.jpg,"[{""url"":""/images/products/road-runner-m/front.jpg"",""altText"":""CloudStrike Men front"",""primary"":true},{""url"":""/images/products/road-runner-m/sole.jpg"",""altText"":""CloudStrike Men outsole"",""primary"":false}]",true
ff-road-runner-w,CloudStrike Road Runner,FitFinder Footwear,Women's everyday road running shoe with a dual-density foam midsole and engineered knit upper — same performance as the men's in a women's specific last.,Footwear,Running Shoes,139.99,Engineered knit upper,Neutral,road running;daily trainer;cushioned;women's specific;marathon;neutral,women's,/images/products/road-runner-w/front.jpg,"[{""url"":""/images/products/road-runner-w/front.jpg"",""altText"":""CloudStrike Women front"",""primary"":true},{""url"":""/images/products/road-runner-w/sole.jpg"",""altText"":""CloudStrike Women outsole"",""primary"":false}]",true
ff-speed-flat-m,RaceFlat Carbon Plate Shoe,FitFinder Footwear,Carbon-fibre plate road racing shoe with a full-length rocker midsole — built for PB attempts at 5K through half-marathon distances.,Footwear,Running Shoes,229.99,Carbon fibre plate midsole,Racing,carbon plate;racing flat;speed;PB;5K;half marathon;rocker,men's,/images/products/speed-flat-m/front.jpg,"[{""url"":""/images/products/speed-flat-m/front.jpg"",""altText"":""RaceFlat front"",""primary"":true},{""url"":""/images/products/speed-flat-m/sole.jpg"",""altText"":""RaceFlat carbon plate"",""primary"":false}]",true
ff-cushion-runner-w,UltraCush Daily Trainer,FitFinder Footwear,Maximum-cushion daily trainer with an extra-wide toe box and rocker geometry — prioritises comfort on long easy runs and recovery days.,Footwear,Running Shoes,149.99,Foam midsole wide toe box,Neutral,max cushion;wide toe box;daily trainer;recovery;easy run;rocker,women's,/images/products/cushion-runner-w/front.jpg,"[{""url"":""/images/products/cushion-runner-w/front.jpg"",""altText"":""UltraCush Trainer front"",""primary"":true},{""url"":""/images/products/cushion-runner-w/sole.jpg"",""altText"":""UltraCush Trainer outsole"",""primary"":false}]",true
ff-stability-shoe-m,StrideSure Stability Shoe,FitFinder Footwear,Medial post stability running shoe for mild to moderate overpronators — a firm heel counter and structured midsole guide your gait without overcorrecting.,Footwear,Running Shoes,144.99,Dual-density foam,Stability,stability;overpronation;medial post;structured;daily trainer;gait correction,men's,/images/products/stability-shoe-m/front.jpg,"[{""url"":""/images/products/stability-shoe-m/front.jpg"",""altText"":""StrideSure Stability front"",""primary"":true},{""url"":""/images/products/stability-shoe-m/back.jpg"",""altText"":""StrideSure Stability heel"",""primary"":false}]",true
ff-minimalist-shoe,BareFlex Minimalist Runner,FitFinder Footwear,Zero-drop minimalist running shoe with a 4mm rock plate and wide toe splay — strengthens foot muscles and encourages a natural forefoot strike.,Footwear,Running Shoes,109.99,Thin rubber outsole,Minimalist,minimalist;zero drop;barefoot;forefoot strike;wide toe box;natural running,unisex,/images/products/minimalist-shoe/front.jpg,"[{""url"":""/images/products/minimalist-shoe/front.jpg"",""altText"":""BareFlex Minimalist front"",""primary"":true},{""url"":""/images/products/minimalist-shoe/sole.jpg"",""altText"":""BareFlex Minimalist outsole"",""primary"":false}]",true
ff-track-spike,SprintEdge Track Spike,FitFinder Footwear,Sprint track spike with a 6-pin plate and snug sprint last — designed for 60m to 400m events on synthetic tracks.,Footwear,Running Shoes,119.99,Lightweight synthetic,Snug,track spike;sprint;60m;400m;competition;synthetic track,unisex,/images/products/track-spike/front.jpg,"[{""url"":""/images/products/track-spike/front.jpg"",""altText"":""SprintEdge Spike front"",""primary"":true},{""url"":""/images/products/track-spike/sole.jpg"",""altText"":""SprintEdge Spike plate"",""primary"":false}]",true
ff-recovery-shoe,EasyStride Recovery Shoe,FitFinder Footwear,Plush closed-toe recovery shoe with a soft foam footbed and easy slip-on design — designed to be worn in the hours after a race or hard workout.,Footwear,Running Shoes,79.99,Soft EVA foam,Relaxed,recovery shoe;post-race;slip-on;plush;soft;rest day,unisex,/images/products/recovery-shoe/front.jpg,"[{""url"":""/images/products/recovery-shoe/front.jpg"",""altText"":""EasyStride Recovery Shoe front"",""primary"":true},{""url"":""/images/products/recovery-shoe/side.jpg"",""altText"":""EasyStride Recovery Shoe side"",""primary"":false}]",true
ff-hiit-trainer-w,HIIT Pro Cross-Trainer,FitFinder Footwear,Low-profile women's cross-trainer with a lateral stability plate and rope-climb wrap — engineered for box jumps and barbell cycling in functional fitness.,Footwear,Training Shoes,129.99,Knit upper with TPU overlay,Structured,cross-training;HIIT;functional fitness;box jumps;rope climb;low profile,women's,/images/products/hiit-trainer-w/front.jpg,"[{""url"":""/images/products/hiit-trainer-w/front.jpg"",""altText"":""HIIT Pro Trainer front"",""primary"":true},{""url"":""/images/products/hiit-trainer-w/sole.jpg"",""altText"":""HIIT Pro Trainer outsole"",""primary"":false}]",true
ff-metcon-shoe,MetCon Lifter Shoe,FitFinder Strength,Olympic weightlifting shoe with a 22mm raised heel and non-compressible TPU midsole — for serious clean and jerk and snatch work.,Footwear,Training Shoes,169.99,Leather upper TPU midsole,Structured,weightlifting;olympic lifting;raised heel;TPU;snatch;clean and jerk;powerlifting,men's,/images/products/metcon-shoe/front.jpg,"[{""url"":""/images/products/metcon-shoe/front.jpg"",""altText"":""MetCon Lifter front"",""primary"":true},{""url"":""/images/products/metcon-shoe/heel.jpg"",""altText"":""MetCon Lifter raised heel"",""primary"":false}]",true
ff-agility-trainer,QuickStep Agility Trainer,FitFinder Athletics,Multi-directional agility trainer with a herringbone outsole and low-cut collar — ideal for tennis and basketball court training drills.,Footwear,Training Shoes,119.99,Synthetic mesh upper,Low-cut,agility;multi-directional;tennis;basketball;herringbone;court,unisex,/images/products/agility-trainer/front.jpg,"[{""url"":""/images/products/agility-trainer/front.jpg"",""altText"":""QuickStep Agility Trainer front"",""primary"":true},{""url"":""/images/products/agility-trainer/sole.jpg"",""altText"":""QuickStep herringbone outsole"",""primary"":false}]",true
ff-dance-sneaker,RhythmFlex Dance Sneaker,FitFinder Studio,Split-sole dance sneaker with a suede spin spot and flexible forefoot — built for hip-hop and contemporary dance that demands floor feel and pivot freedom.,Footwear,Training Shoes,89.99,Canvas suede split sole,Flexible,dance shoe;split sole;hip-hop;contemporary;spin spot;pivot;studio,women's,/images/products/dance-sneaker/front.jpg,"[{""url"":""/images/products/dance-sneaker/front.jpg"",""altText"":""RhythmFlex Sneaker front"",""primary"":true},{""url"":""/images/products/dance-sneaker/sole.jpg"",""altText"":""RhythmFlex split sole detail"",""primary"":false}]",true
ff-plyometric-shoe,BounceX Plyometric Trainer,FitFinder Athletics,Responsive full-length foam plyometric trainer with forefoot flex grooves — absorbs impact on box jumps and returns energy on depth jumps.,Footwear,Training Shoes,124.99,React foam midsole,Neutral,plyometric;box jump;depth jump;responsive foam;forefoot flex;explosive,unisex,/images/products/plyometric-shoe/front.jpg,"[{""url"":""/images/products/plyometric-shoe/front.jpg"",""altText"":""BounceX Plyometric front"",""primary"":true},{""url"":""/images/products/plyometric-shoe/sole.jpg"",""altText"":""BounceX outsole flex grooves"",""primary"":false}]",true
ff-hiking-boot-m,TerraGrip Mid Hiking Boot,FitFinder Trail,Waterproof mid-cut hiking boot with a Vibram Megagrip outsole and asymmetric lacing system — tackles technical trails and off-trail terrain with ease.,Footwear,Hiking & Outdoor,189.99,Waterproof nubuck leather,Structured,hiking boot;waterproof;Vibram;mid-cut;technical trail;off-trail,men's,/images/products/hiking-boot-m/front.jpg,"[{""url"":""/images/products/hiking-boot-m/front.jpg"",""altText"":""TerraGrip Boot men front"",""primary"":true},{""url"":""/images/products/hiking-boot-m/sole.jpg"",""altText"":""TerraGrip Vibram outsole"",""primary"":false}]",true
ff-hiking-boot-w,TerraGrip Mid Hiking Boot,FitFinder Trail,Women's-specific waterproof mid-cut hiking boot with a narrower heel and Vibram Megagrip outsole — same technical capability in a women's fit.,Footwear,Hiking & Outdoor,189.99,Waterproof nubuck leather,Structured,hiking boot;waterproof;Vibram;mid-cut;women's specific;technical trail,women's,/images/products/hiking-boot-w/front.jpg,"[{""url"":""/images/products/hiking-boot-w/front.jpg"",""altText"":""TerraGrip Boot women front"",""primary"":true},{""url"":""/images/products/hiking-boot-w/sole.jpg"",""altText"":""TerraGrip Women outsole"",""primary"":false}]",true
ff-trail-sandal,RockHopper Trail Sandal,FitFinder Trail,Open-toe trail sandal with Vibram rubber lugs and a quick-adjust heel strap — grip and drainage for river crossings and canyon hikes.,Footwear,Hiking & Outdoor,89.99,Nylon straps Vibram rubber,Open-toe,trail sandal;Vibram;river crossing;canyon;drainage;hiking,unisex,/images/products/trail-sandal/front.jpg,"[{""url"":""/images/products/trail-sandal/front.jpg"",""altText"":""RockHopper Sandal front"",""primary"":true},{""url"":""/images/products/trail-sandal/sole.jpg"",""altText"":""RockHopper Vibram outsole"",""primary"":false}]",true
ff-water-shoe,StreamFord Water Shoe,FitFinder Aquatics,Amphibious water shoe with drainage ports and a non-marking rubber outsole — for kayaking and paddleboarding where water entry is guaranteed.,Footwear,Hiking & Outdoor,59.99,Quick-dry mesh,Snug,water shoe;kayaking;paddleboarding;drainage;amphibious;non-marking,unisex,/images/products/water-shoe/front.jpg,"[{""url"":""/images/products/water-shoe/front.jpg"",""altText"":""StreamFord Water Shoe front"",""primary"":true},{""url"":""/images/products/water-shoe/sole.jpg"",""altText"":""StreamFord drainage ports"",""primary"":false}]",true
ff-mountaineer-boot,AlpineEdge Mountaineering Boot,FitFinder Alpine,Double-insulated mountaineering boot with a compatible crampon welt and plastic shell — built for technical ice and snow in sub-zero conditions.,Footwear,Hiking & Outdoor,549.99,Plastic shell foam liner,Structured,mountaineering;crampon;ice;snow;alpine;technical climbing;sub-zero,unisex,/images/products/mountaineer-boot/front.jpg,"[{""url"":""/images/products/mountaineer-boot/front.jpg"",""altText"":""AlpineEdge Boot front"",""primary"":true},{""url"":""/images/products/mountaineer-boot/welt.jpg"",""altText"":""AlpineEdge crampon welt"",""primary"":false}]",true
ff-recovery-slide,RecoverStep Slide,FitFinder Footwear,Wide-footbed recovery slide with an orthotic-grade contoured EVA footbed — designed to decompress feet and ankles in the hours after training.,Footwear,Sandals & Slides,44.99,EVA foam,Wide fit,recovery slide;post-workout;orthotics;EVA;decompression;rest,unisex,/images/products/recovery-slide/front.jpg,"[{""url"":""/images/products/recovery-slide/front.jpg"",""altText"":""RecoverStep Slide front"",""primary"":true},{""url"":""/images/products/recovery-slide/sole.jpg"",""altText"":""RecoverStep Slide footbed"",""primary"":false}]",true
ff-sport-sandal,ActiveStride Sport Sandal,FitFinder Trail,Adjustable sport sandal with a toe loop and cushioned EVA midsole — transitions from campsite to light trail without blinking.,Footwear,Sandals & Slides,64.99,Recycled nylon EVA,Regular,sport sandal;camp;light trail;adjustable;toe loop;versatile,unisex,/images/products/sport-sandal/front.jpg,"[{""url"":""/images/products/sport-sandal/front.jpg"",""altText"":""ActiveStride Sandal front"",""primary"":true},{""url"":""/images/products/sport-sandal/sole.jpg"",""altText"":""ActiveStride Sandal sole"",""primary"":false}]",true
ff-yoga-slipper,ZenFlex Yoga Slipper,FitFinder Studio,Non-slip toeless yoga slipper with a grip-dot sole and adjustable ankle strap — keeps feet warm between poses in studio and home practice.,Footwear,Sandals & Slides,34.99,Cotton lycra blend,Regular,yoga slipper;non-slip;toeless;grip;studio;home practice;ankle strap,women's,/images/products/yoga-slipper/front.jpg,"[{""url"":""/images/products/yoga-slipper/front.jpg"",""altText"":""ZenFlex Slipper front"",""primary"":true},{""url"":""/images/products/yoga-slipper/sole.jpg"",""altText"":""ZenFlex grip-dot sole"",""primary"":false}]",true
ff-aqua-sandal,TideStepper Aqua Sandal,FitFinder Aquatics,Quick-drain aqua sandal with a toe guard and adjustable webbing straps — built for beach and boat use where wet and dry conditions alternate.,Footwear,Sandals & Slides,49.99,Quick-dry webbing rubber,Regular,aqua sandal;beach;boat;quick dry;toe guard;water;adjustable,unisex,/images/products/aqua-sandal/front.jpg,"[{""url"":""/images/products/aqua-sandal/front.jpg"",""altText"":""TideStepper Aqua Sandal front"",""primary"":true},{""url"":""/images/products/aqua-sandal/sole.jpg"",""altText"":""TideStepper drain sole"",""primary"":false}]",true
ff-trucker-hat,Mesh Trucker Performance Hat,FitFinder Athletics,Five-panel mesh trucker cap with a moisture-wicking sweatband and snap-back closure — breathable coverage for sun-exposed training.,Accessories,Headwear,28.99,Polyester mesh,Adjustable,trucker hat;mesh;snapback;breathable;sun;training;cap,unisex,/images/products/trucker-hat/front.jpg,"[{""url"":""/images/products/trucker-hat/front.jpg"",""altText"":""Mesh Trucker Hat front"",""primary"":true},{""url"":""/images/products/trucker-hat/back.jpg"",""altText"":""Mesh Trucker Hat snap-back"",""primary"":false}]",true
ff-sun-visor,UltraLite Run Visor,FitFinder Athletics,Lightweight reflective visor with a wicking sweatband and low-profile brim — keeps sun off your face without trapping heat during hot-weather races.,Accessories,Headwear,22.99,Polyester,Adjustable,visor;running;sun;reflective;wicking;hot weather;race,women's,/images/products/sun-visor/front.jpg,"[{""url"":""/images/products/sun-visor/front.jpg"",""altText"":""UltraLite Visor front"",""primary"":true},{""url"":""/images/products/sun-visor/side.jpg"",""altText"":""UltraLite Visor side"",""primary"":false}]",true
ff-balaclava,ThermalShield Balaclava,FitFinder Alpine,Windproof fleece balaclava with a moisture-wicking face panel and chin vent — covers neck and face for ski days and winter trail runs.,Accessories,Headwear,29.99,Windproof fleece,One size,balaclava;windproof;fleece;winter;ski;neck;face cover;cold,unisex,/images/products/balaclava/front.jpg,"[{""url"":""/images/products/balaclava/front.jpg"",""altText"":""ThermalShield Balaclava front"",""primary"":true},{""url"":""/images/products/balaclava/side.jpg"",""altText"":""ThermalShield Balaclava side"",""primary"":false}]",true
ff-run-headband,SweatGuard Running Headband,FitFinder Athletics,Wide silicone-grip running headband with a towelling sweat zone — stays put at tempo pace and prevents sweat from dripping into eyes.,Accessories,Headwear,14.99,Stretchy polyester,One size,headband;running;sweat;anti-slip;silicone;wide;tempo,unisex,/images/products/run-headband/front.jpg,"[{""url"":""/images/products/run-headband/front.jpg"",""altText"":""SweatGuard Headband front"",""primary"":true},{""url"":""/images/products/run-headband/detail.jpg"",""altText"":""SweatGuard silicone grip detail"",""primary"":false}]",true
ff-neck-gaiter,MultiSport Neck Gaiter,FitFinder Athletics,Moisture-wicking multi-position neck gaiter that converts from balaclava to headband — UPF 30+ coverage for cycling and trail running.,Accessories,Headwear,18.99,Recycled polyester,One size,neck gaiter;multi-position;balaclava;headband;UPF 30;cycling;trail,unisex,/images/products/neck-gaiter/front.jpg,"[{""url"":""/images/products/neck-gaiter/front.jpg"",""altText"":""MultiSport Neck Gaiter front"",""primary"":true},{""url"":""/images/products/neck-gaiter/wearing.jpg"",""altText"":""MultiSport Gaiter as headband"",""primary"":false}]",true
ff-hydration-vest,TrailFlask Hydration Vest,FitFinder Trail,4L capacity trail running vest with two 500ml soft flasks and front storage pockets — fits close to the body with no bounce on technical terrain.,Accessories,Bags & Packs,129.99,Recycled ripstop nylon,Body fit,hydration vest;trail running;soft flask;4L;no bounce;storage;race vest,unisex,/images/products/hydration-vest/front.jpg,"[{""url"":""/images/products/hydration-vest/front.jpg"",""altText"":""TrailFlask Vest front"",""primary"":true},{""url"":""/images/products/hydration-vest/back.jpg"",""altText"":""TrailFlask Vest back storage"",""primary"":false}]",true
ff-run-belt,RaceDay Running Belt,FitFinder Athletics,Low-profile running belt with two side pockets and a zip main compartment — holds your phone and gels without shifting at marathon pace.,Accessories,Bags & Packs,29.99,Lycra nylon,One size,running belt;phone holder;gel storage;marathon;low profile;no bounce,unisex,/images/products/run-belt/front.jpg,"[{""url"":""/images/products/run-belt/front.jpg"",""altText"":""RaceDay Belt front"",""primary"":true},{""url"":""/images/products/run-belt/open.jpg"",""altText"":""RaceDay Belt compartments open"",""primary"":false}]",true
ff-gym-duffel,ProLocker Gym Duffel,FitFinder Essentials,40L gym duffel with a ventilated shoe compartment and wet/dry pocket — structured base keeps it upright in the locker room.,Accessories,Bags & Packs,79.99,600D polyester,One size,gym bag;duffel;40L;shoe compartment;wet dry;locker room;training,unisex,/images/products/gym-duffel/front.jpg,"[{""url"":""/images/products/gym-duffel/front.jpg"",""altText"":""ProLocker Duffel front"",""primary"":true},{""url"":""/images/products/gym-duffel/open.jpg"",""altText"":""ProLocker Duffel compartments"",""primary"":false}]",true
ff-trail-pack-20,Summit20 Trail Pack,FitFinder Trail,20L trail pack with a 2L hydration sleeve and trekking pole attachments — fast-access lid pocket and a hip belt that actually transfers load.,Accessories,Bags & Packs,149.99,Recycled ripstop nylon,Adjustable,trail pack;20L;hydration sleeve;trekking poles;hip belt;hiking;fastpacking,unisex,/images/products/trail-pack-20/front.jpg,"[{""url"":""/images/products/trail-pack-20/front.jpg"",""altText"":""Summit20 Pack front"",""primary"":true},{""url"":""/images/products/trail-pack-20/back.jpg"",""altText"":""Summit20 Pack back panel"",""primary"":false}]",true
ff-cycling-pack,AeroPack Cycling Backpack,FitFinder Cycle,12L aero cycling backpack with a hydration reservoir sleeve and magnetic tube clip — aerodynamic profile and shoulder straps that don't shift on aggressive descents.,Accessories,Bags & Packs,119.99,Ripstop nylon,Aero fit,cycling backpack;aero;12L;hydration;magnetic clip;road cycling,unisex,/images/products/cycling-pack/front.jpg,"[{""url"":""/images/products/cycling-pack/front.jpg"",""altText"":""AeroPack Cycling Backpack front"",""primary"":true},{""url"":""/images/products/cycling-pack/side.jpg"",""altText"":""AeroPack side profile"",""primary"":false}]",true
ff-swim-bag,AquaCarry Mesh Swim Bag,FitFinder Aquatics,Drawstring mesh swim bag with a waterproof zip pocket for valuables — allows wet gear to drip-dry without mildewing on the way home.,Accessories,Bags & Packs,19.99,Mesh nylon,One size,swim bag;mesh;drawstring;drip dry;pool;wet gear;valuables pocket,unisex,/images/products/swim-bag/front.jpg,"[{""url"":""/images/products/swim-bag/front.jpg"",""altText"":""AquaCarry Swim Bag front"",""primary"":true},{""url"":""/images/products/swim-bag/detail.jpg"",""altText"":""AquaCarry zip pocket detail"",""primary"":false}]",true
ff-run-gloves,ThermalGrip Running Gloves,FitFinder Athletics,Touchscreen-compatible thermal running gloves with a reflective wrist tab and flip-back mitten cover for versatile cold-weather running.,Accessories,Gloves & Sleeves,29.99,Thermal polyester,Regular,running gloves;thermal;touchscreen;reflective;flip-back;winter;cold weather,unisex,/images/products/run-gloves/front.jpg,"[{""url"":""/images/products/run-gloves/front.jpg"",""altText"":""ThermalGrip Gloves front"",""primary"":true},{""url"":""/images/products/run-gloves/back.jpg"",""altText"":""ThermalGrip Gloves back"",""primary"":false}]",true
ff-cycle-gloves,AeroGrip Cycling Gloves,FitFinder Cycle,Short-finger cycling gloves with silicone grip palm and gel padding — reduce road buzz on long rides and improve bar control in the wet.,Accessories,Gloves & Sleeves,34.99,Synthetic leather lycra,Regular,cycling gloves;short finger;silicone grip;gel padding;road buzz;wet weather,men's,/images/products/cycle-gloves/front.jpg,"[{""url"":""/images/products/cycle-gloves/front.jpg"",""altText"":""AeroGrip Cycling Gloves front"",""primary"":true},{""url"":""/images/products/cycle-gloves/palm.jpg"",""altText"":""AeroGrip gel palm detail"",""primary"":false}]",true
ff-lift-gloves,IronGrip Lifting Gloves,FitFinder Strength,Open-finger weightlifting gloves with a wrist wrap support and neoprene palm — protect hands on high-rep barbell work and pull-ups.,Accessories,Gloves & Sleeves,24.99,Neoprene leather blend,Regular,lifting gloves;wrist wrap;weightlifting;pull-ups;barbell;hand protection,unisex,/images/products/lift-gloves/front.jpg,"[{""url"":""/images/products/lift-gloves/front.jpg"",""altText"":""IronGrip Gloves front"",""primary"":true},{""url"":""/images/products/lift-gloves/palm.jpg"",""altText"":""IronGrip Gloves palm"",""primary"":false}]",true
ff-arm-sleeves,CompressAir Arm Sleeves,FitFinder Athletics,UV-blocking compression arm sleeves with graduated pressure from wrist to elbow — reduce arm fatigue on long rides and protect against sun and gravel rash.,Accessories,Gloves & Sleeves,24.99,Nylon elastane UPF,One size,arm sleeves;compression;UV;graduated;cycling;sun protection;gravel,unisex,/images/products/arm-sleeves/front.jpg,"[{""url"":""/images/products/arm-sleeves/front.jpg"",""altText"":""CompressAir Arm Sleeves front"",""primary"":true},{""url"":""/images/products/arm-sleeves/detail.jpg"",""altText"":""CompressAir graduated compression detail"",""primary"":false}]",true
ff-waterproof-mitt,StormShield Waterproof Mittens,FitFinder Alpine,Fully waterproof three-finger mittens with a reinforced palm and removable fleece liner — expedition-ready for ski touring and ice climbing belays.,Accessories,Gloves & Sleeves,89.99,Waterproof shell fleece liner,Regular,mittens;waterproof;fleece liner;ski touring;ice climbing;expedition;cold,unisex,/images/products/waterproof-mitt/front.jpg,"[{""url"":""/images/products/waterproof-mitt/front.jpg"",""altText"":""StormShield Mittens front"",""primary"":true},{""url"":""/images/products/waterproof-mitt/liner.jpg"",""altText"":""StormShield Mittens liner removed"",""primary"":false}]",true
ff-comp-run-sock,CompRun Compression Sock,FitFinder Athletics,Full-length graduated compression sock with 20–30 mmHg pressure and merino toe box — reduces calf fatigue and swelling on marathon and ultra-distance events.,Accessories,Socks,22.99,Merino nylon elastane,Compression,compression sock;20-30 mmHg;marathon;ultra;calf support;merino;graduated,unisex,/images/products/comp-run-sock/front.jpg,"[{""url"":""/images/products/comp-run-sock/front.jpg"",""altText"":""CompRun Compression Sock pair"",""primary"":true},{""url"":""/images/products/comp-run-sock/detail.jpg"",""altText"":""CompRun compression zone detail"",""primary"":false}]",true
ff-wool-hike-sock,AlpineWool Hiking Sock,FitFinder Trail,Mid-crew 60% merino hiking sock with targeted heel and toe cushioning — regulates temperature from hot valley trails to cold ridgelines.,Accessories,Socks,19.99,60% merino wool blend,Regular,hiking sock;merino;mid-crew;cushioned;temperature regulating;trail;blister,unisex,/images/products/wool-hike-sock/front.jpg,"[{""url"":""/images/products/wool-hike-sock/front.jpg"",""altText"":""AlpineWool Hiking Sock pair"",""primary"":true},{""url"":""/images/products/wool-hike-sock/detail.jpg"",""altText"":""AlpineWool cushion zone detail"",""primary"":false}]",true
ff-noshow-sock,InvisiFit No-Show Sock,FitFinder Athletics,Silicone-heel-tab no-show sock that stays hidden in low-cut trainers — breathable mesh top and cushioned sole for everyday gym wear.,Accessories,Socks,12.99,Cotton polyester blend,Regular,no-show;ankle sock;gym;trainer;silicone tab;breathable;everyday,unisex,/images/products/noshow-sock/front.jpg,"[{""url"":""/images/products/noshow-sock/front.jpg"",""altText"":""InvisiFit No-Show Sock pair"",""primary"":true},{""url"":""/images/products/noshow-sock/detail.jpg"",""altText"":""InvisiFit silicone tab detail"",""primary"":false}]",true
ff-cycle-sock,VeloFit Cycling Sock,FitFinder Cycle,6-inch cuff cycling sock with a reinforced arch band and moisture-wicking yarn — the right height for road cycling without tan lines.,Accessories,Socks,14.99,Nylon lycra,Regular,cycling sock;6-inch;arch support;wicking;road cycling;tan line,unisex,/images/products/cycle-sock/front.jpg,"[{""url"":""/images/products/cycle-sock/front.jpg"",""altText"":""VeloFit Cycling Sock pair"",""primary"":true},{""url"":""/images/products/cycle-sock/detail.jpg"",""altText"":""VeloFit arch band detail"",""primary"":false}]",true
ff-waterproof-sock,DryFoot Waterproof Sock,FitFinder Trail,Three-layer waterproof-breathable sock with a merino inner — keeps feet dry in stream crossings and muddy trail conditions without overheating.,Accessories,Socks,39.99,Waterproof membrane merino,Regular,waterproof sock;stream crossing;trail;mud;merino;dry;breathable,unisex,/images/products/waterproof-sock/front.jpg,"[{""url"":""/images/products/waterproof-sock/front.jpg"",""altText"":""DryFoot Waterproof Sock pair"",""primary"":true},{""url"":""/images/products/waterproof-sock/layer.jpg"",""altText"":""DryFoot three-layer construction"",""primary"":false}]",true
ff-sport-sunglass,ProVision Sport Sunglasses,FitFinder Tech,Wraparound sport sunglasses with polarised polycarbonate lenses and a rubber nose grip — reduce glare on water and snow for running and cycling.,Accessories,Eyewear,79.99,Polycarbonate TR90 frame,Wraparound,sunglasses;polarised;sport;wraparound;running;cycling;glare;UV400,unisex,/images/products/sport-sunglass/front.jpg,"[{""url"":""/images/products/sport-sunglass/front.jpg"",""altText"":""ProVision Sunglasses front"",""primary"":true},{""url"":""/images/products/sport-sunglass/side.jpg"",""altText"":""ProVision Sunglasses side"",""primary"":false}]",true
ff-swim-goggle,AquaVision Swim Goggles,FitFinder Aquatics,Low-profile swim goggles with UV-tinted anti-fog lenses and a leakproof silicone gasket — suitable for pool and open-water training.,Accessories,Eyewear,24.99,Polycarbonate silicone,One size,swim goggles;anti-fog;UV tint;open water;pool;silicone gasket;leakproof,unisex,/images/products/swim-goggle/front.jpg,"[{""url"":""/images/products/swim-goggle/front.jpg"",""altText"":""AquaVision Goggles front"",""primary"":true},{""url"":""/images/products/swim-goggle/side.jpg"",""altText"":""AquaVision Goggles side"",""primary"":false}]",true
ff-ski-goggle,PowderVision Ski Goggle,FitFinder Alpine,Spherical anti-fog ski goggle with a photochromic lens that adjusts from S1 to S3 in 30 seconds — compatible with most helmets and OTG glasses.,Accessories,Eyewear,169.99,Spherical polycarbonate,One size,ski goggle;snowboard;photochromic;anti-fog;helmet compatible;OTG;alpine,unisex,/images/products/ski-goggle/front.jpg,"[{""url"":""/images/products/ski-goggle/front.jpg"",""altText"":""PowderVision Goggle front"",""primary"":true},{""url"":""/images/products/ski-goggle/side.jpg"",""altText"":""PowderVision Goggle side"",""primary"":false}]",true
ff-cycling-glasses,AeroView Cycling Glasses,FitFinder Cycle,Interchangeable-lens cycling glasses with three lens tints included and a ventilated frame — eliminates fogging on hard climbs.,Accessories,Eyewear,89.99,TR90 polycarbonate,Wraparound,cycling glasses;interchangeable lens;ventilated;anti-fog;climbing;road cycling,unisex,/images/products/cycling-glasses/front.jpg,"[{""url"":""/images/products/cycling-glasses/front.jpg"",""altText"":""AeroView Glasses front"",""primary"":true},{""url"":""/images/products/cycling-glasses/lenses.jpg"",""altText"":""AeroView three lens set"",""primary"":false}]",true
ff-yoga-mat,GripZone Yoga Mat,FitFinder Studio,6mm natural rubber yoga mat with a closed-cell surface that grips sweat instead of slipping — alignment guides printed for beginners and advanced practitioners.,Equipment,Training,69.99,Natural rubber,One size,yoga mat;6mm;natural rubber;non-slip;alignment;hot yoga;pilates,unisex,/images/products/yoga-mat/front.jpg,"[{""url"":""/images/products/yoga-mat/front.jpg"",""altText"":""GripZone Yoga Mat top"",""primary"":true},{""url"":""/images/products/yoga-mat/rolled.jpg"",""altText"":""GripZone Yoga Mat rolled"",""primary"":false}]",true
ff-resistance-band,PowerBand Resistance Set,FitFinder Strength,Set of five latex loop resistance bands from 5 to 50 lbs — colour-coded for progressive overload in home workouts and physiotherapy.,Equipment,Training,34.99,Natural latex,One size,resistance bands;loop bands;progressive overload;home workout;physiotherapy;strength,unisex,/images/products/resistance-band/front.jpg,"[{""url"":""/images/products/resistance-band/front.jpg"",""altText"":""PowerBand Set all five"",""primary"":true},{""url"":""/images/products/resistance-band/detail.jpg"",""altText"":""PowerBand colour coding detail"",""primary"":false}]",true
ff-foam-roller,RecoverGrid Foam Roller,FitFinder Essentials,High-density 45cm foam roller with a tri-zone grid surface — targets trigger points for myofascial release and post-training recovery.,Equipment,Training,39.99,High-density EVA foam,One size,foam roller;myofascial release;trigger point;recovery;high density;grid;massage,unisex,/images/products/foam-roller/front.jpg,"[{""url"":""/images/products/foam-roller/front.jpg"",""altText"":""RecoverGrid Foam Roller front"",""primary"":true},{""url"":""/images/products/foam-roller/grid.jpg"",""altText"":""RecoverGrid tri-zone surface"",""primary"":false}]",true
